date_or_day,total_new_first_infections,total_new_reinfections,total_new_infections,total_active_infected,total_active_infected_per_100k,total_recovered,total_recovered_per_100k,cross_region_flow_share,elderly_new_infections,elderly_active_infected,elderly_active_infected_per_100k,elderly_ever_infected_rate,elderly_reinfection_share
2025-09-01,624.5335469588734,0.0,624.5335469588734,2320.27152,23.999999999999996,580.06788,5.999999999999999,0.0020826021159247236,121.37710779646447,478.3972799999999,23.999999999999996,0.00036089187185834394,0.0
2025-09-02,499.596054254004,0.0,499.596054254004,2168.4839894794363,22.429967914921644,1041.2218446,10.77,0.0020826000313134037,97.09636318541284,443.4063778982322,22.244593592918363,0.00040960269890258615,0.0
2025-09-03,471.9151057855525,9.91449858488381e-05,471.9152049305383,2140.7186054502695,22.14277341593473,1469.7125332728872,15.202143582984329,0.0020848733570763534,89.92990485690962,433.6175608604083,21.753513023004224,0.0004547182828191655,2.1008743001103185e-07
2025-09-04,471.4406578202351,0.00027684287502055473,471.4409346631101,2151.498193758845,22.254273349100227,1890.507691696577,19.554687548256357,0.0020873781989882044,87.87287193758222,431.30523038769275,21.63750916247815,0.0004988018881461639,5.872139205159728e-07
2025-09-05,479.11137762945896,0.0005372856130522179,479.111914915072,2176.3806770379456,22.511648226803512,2311.354791989863,23.907768780335118,0.002089700502582672,87.39027067539375,431.1862111286284,21.63153826269054,0.0005426433612997141,1.1182665474673191e-06
2025-09-06,247.81404164498673,0.0004476970709963521,247.81448934205773,2208.251560103328,22.84130843552304,2735.074153437503,28.29055958179415,0.005356207304860125,57.58620574822042,431.71511764983666,21.658072185519284,0.0005715328744580231,1.7990472428974675e-06
2025-09-07,252.5143688905966,0.0006685737409923306,252.51503746433758,2124.0820019901766,21.970690761124473,3163.0490946909813,32.71736847098979,0.005356784309339924,57.99554778864693,417.54827136744655,20.947356792703165,0.0006006277198352093,2.6279952944135966e-06
2025-09-08,483.7760973998595,0.0017788335023155514,483.77787623336184,2004.2634972780675,20.731334035713896,3572.0502496155614,36.94791978085973,0.0020943454282567856,84.42301093923945,399.12447961206925,20.02308104822348,0.0006429804890563416,3.604347161963558e-06
2025-09-09,456.2358836454367,0.0022154780584754514,456.23809912349515,1997.7986837820977,20.66446448076488,3955.042697823097,40.909446989098214,0.0020942389528799247,80.13648221771172,394.05402041833116,19.768708739397404,0.0006831827761761691,4.727576407843821e-06
2025-09-10,457.7848615488947,0.0028382775908708975,457.78769982648555,2023.5519395672475,20.930846295787806,4334.8272210904015,44.8377926503057,0.0020956019922627974,79.1952674703801,392.68867580785866,19.700212800935258,0.0007229128312975516,5.991975046605973e-06
2025-09-11,467.4657164330364,0.0035994344232446926,467.4693158674596,2060.3918978378256,21.311904715404953,4717.863472898399,48.79977294621173,0.002097259762324698,79.21272583163572,392.47130411807376,19.68930780466346,0.0007626515892201097,7.390375326148085e-06
2025-09-12,479.8653977317754,0.004489994629763292,479.8698877264051,2102.823349296004,21.750799399160016,5106.352535101471,52.81815502456166,0.0020989097011136237,79.5540694764411,392.7435879461704,19.70296760614544,0.0008025615284207814,8.920337288856061e-06
2025-09-13,243.8766062251235,0.002657701976677421,243.8792639271002,2149.448538812878,22.233072503303006,5501.3854422851655,56.90422412927085,0.005358716941624418,53.78350181182131,393.3551774210125,19.733649526820678,0.0008295430862141724,1.058071420703754e-05
2025-09-14,250.00069730519942,0.0031972394548989516,250.00389454465432,2075.093392701889,21.463971347993503,5903.7682228363155,61.06631750928511,0.005359204098546682,54.426215743934726,381.1560463747588,19.12164950643994,0.0008568470252919353,1.2370762311988712e-05
2025-09-15,490.6540234100763,0.007504455497725496,490.66152786557404,1962.843942259632,20.30290602120185,6289.2680602625105,65.05378019133737,0.002101963249657135,77.97016807957723,365.3738971907487,18.329898390262525,0.0008959621576626421,1.4289979137361622e-05
2025-09-16,462.5095245810738,0.008133137496836234,462.5176577185706,1966.990531789553,20.34579675526478,6650.390508413125,68.78909249462106,0.0021013042622505733,74.30912859031109,361.5087318378584,18.1359926714228,0.000933240587605359,1.63379636530207e-05
2025-09-17,465.51984678239006,0.009344523432711959,465.5291913058228,2003.2089432818511,20.72042613304344,7010.53666222897,72.51430638320092,0.0021021908486079897,73.79091018754801,360.9663568080721,18.108783067064532,0.0009702589641321323,1.8509767423505255e-05
2025-09-18,477.08625838412917,0.010846757285485502,477.09710514141466,2050.1400092034964,21.20586310557478,7376.125767574196,76.2958200778936,0.0021034453600821817,74.15218131164355,361.54822620912427,18.137974005661118,0.0010074584928597469,2.0799237156523662e-05
2025-09-19,491.4571115108357,0.012565279406795724,491.4696767902425,2102.4469872225127,21.74690645400858,7749.273140577025,80.1555135986191,0.0021047337477760036,74.81369669234746,362.70224200445443,18.19586810382138,0.001044989790202967,2.3204437034061603e-05
2025-09-20,246.30683390469648,0.006710530941211651,246.31354443563768,2158.8599181029886,22.33042020636952,8131.016172318643,84.10411732142772,0.005360501862831323,51.69442130362022,364.3004724683148,18.276047345502374,0.0010709229266894,2.572456214079644e-05
2025-09-21,253.4734797025645,0.007648049862500896,253.481127752427,2088.6958708626994,21.604670172698057,8522.133075077647,88.14968077609448,0.005360912502205557,52.546681065660366,354.35692805883764,17.77720448872975,0.0010972835402195283,2.8359216491359e-05
2025-09-22,505.99231019410576,0.01772939557525455,506.010039589681,1978.5012287565273,20.464858996397396,8897.261583874799,92.02986640675363,0.0021068199651056592,74.29757234102678,341.2171580219932,17.11801495302782,0.0011345556222351859,3.110833104112584e-05
2025-09-23,476.78322623569545,0.018330959614338192,476.8015571953098,1989.5782688332463,20.579435656736376,9248.47552170673,95.66268887399934,0.002105835072482937,71.08638239657517,338.98832037556946,17.006199719642357,0.0011702166782286301,3.3971927135216524e-05
2025-09-24,480.8440304683415,0.020259046918786012,480.8642895152603,2033.4520365782641,21.03324910779336,9600.148797864847,99.30026256097662,0.0021064160551622544,70.9254799289437,339.74114447773064,17.04396702979903,0.0012057969103855758,3.694589279972573e-05
2025-09-25,493.94687082324947,0.02273339347403071,493.9696042167235,2088.088484776075,21.598387603630886,9958.838461191177,103.01041106973042,0.0021074062455896177,71.59636142642822,341.5308996352939,17.133754588335147,0.0012417135840474,4.0025073517665226e-05
2025-09-26,509.97770568198337,0.025551465607684547,510.00325714759106,2148.1190176859536,22.219320445937676,10326.661965840434,106.81503653510794,0.0021084561980095895,72.5495745508905,343.89189244800394,17.252199717256115,0.0012781083259992706,4.320817161666156e-05
2025-09-27,253.10746716159406,0.012856832518970294,253.12032399411302,2212.320957655105,22.883400725326542,10704.652459548422,110.72482544161991,0.005361724922624281,51.0360051908233,346.7218876037328,17.394173525588577,0.0013037106282254357,4.6494864021624754e-05
2025-09-28,261.15467007851663,0.014304825301995588,261.16897490381865,2143.3297998743114,22.169782611038332,11093.593388781703,114.74788145947716,0.0053620737196572055,52.07831344641844,338.6996995010627,16.991720329232443,0.0013298357176530814,4.988522786969031e-05
2025-09-29,527.3863157668459,0.033370797133812996,527.4196865639797,2031.9848442264724,21.01807303200245,11466.791381812654,118.60809857438741,0.0021099165443353705,72.90602920587456,327.66001103309765,16.437886655196582,0.0013664089042738636,5.3379734947511193e-05
2025-09-30,496.801350577043,0.033681492242400704,496.83503206928543,2047.9582208266795,21.183295522172468,11815.854393748887,122.21867268791598,0.002108732682445398,69.98565531073197,326.9311491455391,16.401321469664165,0.0014015169638877105,5.697889167970781e-05
2025-10-01,501.6667131743325,0.03648526675506056,501.7031984410875,2097.9692654187365,21.70059061451984,12166.36676594548,125.8442384289109,0.0021091156134568165,70.10480296427133,328.93931713132775,16.502066255794485,0.001436684663364061,6.0679277610909026e-05
2025-10-02,516.1058340887324,0.0402133993626686,516.1460474880951,2159.0283559342297,22.332162462788627,12525.128785199497,129.5551353596703,0.0021099321983789536,71.03421457097137,331.9010540946461,16.650649222486187,0.0014723184618829566,6.447652774753263e-05
2025-10-03,533.621296915006,0.044458853957076945,533.6657557689631,2225.622180291052,23.020983478254838,12894.308812460347,133.37379217542968,0.0021108251211413185,72.23567625680967,335.4127507559946,16.826822297450917,0.0015085548238504673,6.836991559949467e-05
2025-10-04,263.1066145672616,0.02147521032213225,263.12808977758374,2296.5303698891566,23.754430635488625,13274.961704456256,137.3111199102035,0.005362531770082459,51.50777307253184,339.39399247333927,17.02655127838549,0.0015343931209208647,7.23595585763856e-05
2025-10-05,271.93734247119147,0.023571186184374423,271.96091365737584,2226.804653628275,23.033214529598933,13667.892969911805,141.3754504377502,0.0053628345668473255,52.716388018181696,332.8009764492092,16.695796085590246,0.0015608375980613036,7.64459750782642e-05
2025-10-06,553.3676155545442,0.05552740476374801,553.4231429593079,2112.214358589783,21.84793640278565,14044.9144357879,145.2752160914812,0.0021118796338345405,73.2719570253406,323.2418664037271,16.216239343353816,0.0015975933500653673,8.063015418562975e-05
2025-10-07,521.1687204715319,0.05522239227688261,521.2239428638087,2131.868376195062,22.051230033923567,14397.132735326919,148.91842729158097,0.002110572299182965,70.5143217108554,323.73001425783184,16.240728505371024,0.0016329656251543893,8.491303849178066e-05
2025-10-08,526.6843701811363,0.05908420924541823,526.7434543903817,2187.1551170495713,22.62309490795703,14751.520746889295,152.58408116190776,0.002110826775388944,70.84708375280034,326.80943282911824,16.3952152652265,0.0016685046688697997,8.929169977730821e-05
2025-10-09,542.3455977811238,0.06439449805051078,542.4099922791744,2253.926028881609,23.31374764844703,15115.194166564763,156.3457797376896,0.0021115297024038933,71.98926222756407,330.7837988511211,16.59459930965098,0.0017046165024554786,9.37623289581441e-05
2025-10-10,561.2503018331587,0.07044939700063171,561.3207512301593,2326.4467868658503,24.063874595495793,15490.403401508262,160.2268003686906,0.002112319660383662,73.40022694258221,335.28979648859223,16.820653988095863,0.001741435947527765,9.832465514038659e-05
2025-10-11,275.53689517896066,0.03302398850301869,275.5699191674637,2403.4707869880417,24.860581354596377,15878.240741873891,164.2384412859463,0.00536304466069417,52.844587041992455,340.2633293660126,17.070163745045335,0.0017679440305927408,0.00010297914553259862
2025-10-12,285.09530877843395,0.03592854320579933,285.13123732163973,2331.718267921846,24.118400776700607,16279.543695562132,168.38936535043587,0.005363315021954272,54.19962399575688,334.64870310137565,16.78849192962179,0.0017951317028555341,0.00010772668720841836
2025-10-13,583.0014148711016,0.08544199673074458,583.0868568678324,2212.4110521640027,22.884332628422754,16664.48963066869,172.37109867902382,0.00211311139762487,74.96134370357882,326.0377942832618,16.35650408129052,0.0018327337086527608,0.00011256873496510125
2025-10-14,548.995162390087,0.0841251984686744,549.0792875885556,2234.9904890783814,23.117885676535458,17023.649392948144,176.0861097113132,0.0021117268010134855,72.26958206900622,327.47032317947946,16.42837048803352,0.0018689852976667583,0.00011750659522448253
2025-10-15,555.0631443356137,0.08925000697542701,555.1523943425892,2295.0628587305723,23.73925126208235,17385.52924379908,179.82925629806374,0.00211189805349951,72.76530808665983,331.43109345452166,16.62707246769572,0.0019054853671974551,0.0001225376492993949
2025-10-16,571.8855191551446,0.09651975549489812,571.9820389106395,2367.161717889686,24.48501424926013,17757.6141693262,183.6779602689899,0.002112526796413404,74.08530372416901,336.25494626241635,16.869073148363203,0.0019426473741935993,0.00012765844509131843
2025-10-17,592.1339121118981,0.10482393480423655,592.2387360467023,2445.276109219683,25.292999597423147,18142.258442057508,187.656573317497,0.002113249466583088,75.67649092897932,341.60164462141705,17.13730368808537,0.00198060734045304,0.00013286905913292797
2025-10-18,289.89147330206714,0.04802508493672589,289.9394983870039,2528.113622853064,26.14983911386092,18540.60237169115,191.77689037039406,0.005363356627526744,54.84122232872236,347.4184049673653,17.429116066915697,0.0020081160143679004,0.0001381702172940011
2025-10-19,300.14867864598574,0.051922734767128054,300.20060138075286,2453.4070152146123,25.377102575111856,18953.52208440331,196.04797374131428,0.00536360485372729,56.328343939547885,342.4238797733692,17.178553177728897,0.002036370484678085,0.00014356310469027021
2025-10-20,615.6841474419966,0.12450037585971475,615.8086478178564,2328.283971328147,24.082877727980527,19349.435877024214,200.1431543876301,0.002113871402061879,77.64810960501418,334.34785368820775,16.7733990638847,0.0020753188011996783,0.00014904959905787755
2025-10-21,579.7048330545457,0.12169551263374541,579.8265285671795,2353.3106805496736,24.341744423597532,19718.34549190472,203.95901416128802,0.0021124383431176813,74.95071093180678,336.50671268782946,16.881703642854966,0.0021129138918100443,0.00015463130547842846
2025-10-22,586.2629406517707,0.1283125096014422,586.3912531613721,2417.903560466907,25.009868436089654,20090.415900555137,207.80756797520115,0.0021125557082426324,75.57294967450804,341.1949404847986,17.116900354523686,0.0021508208806933185,0.00016030576616114255
2025-10-23,604.2195430786738,0.13797270642893045,604.3575157851028,2495.1459829677956,25.808834472625467,20473.54453314574,211.77050382254308,0.002113136071078412,77.04613948452354,346.73721239236045,17.394942332064787,0.0021894665909463888,0.00016606973270879332
2025-10-24,625.7981067326659,0.14902967042298007,625.947136403089,2578.7071115639237,26.67315878511243,20870.206007073575,215.87341819795546,0.002113814793350679,78.79729512234017,352.80346965841096,17.699271349958057,0.002228990435067848,0.0001719235434808643
2025-10-25,305.834644965972,0.06706164052178039,305.9017066064938,2667.2344200475263,27.588851360439328,21281.596399350987,220.12868286398813,0.00536353401226487,57.34843020116936,359.34827316016015,18.02760784058773,0.00225775559681538,0.0001778681054714064
2025-10-26,316.77963937925705,0.07216292690036956,316.8518023061574,2588.8727547394615,26.778308304946602,21708.63530136374,224.5458097217561,0.005363767404832102,58.9583083994836,354.70558234542847,17.794695605899523,0.002287328072150809,0.0001839048453437316
2025-10-27,651.0235983604296,0.17424308350812365,651.1978414439377,2457.0667142953685,25.414957100834837,22117.86667580481,228.77874233413658,0.0021143271337461934,81.09885922814729,346.85710198473475,17.400956894306827,0.002328005618238299,0.00019003603980125605
2025-10-28,612.9228823436243,0.16938418383033227,613.0922665274546,2484.236547410163,25.695991449243802,22498.690685284862,232.7178400426329,0.002112863759435171,78.34319084529753,349.5814292560574,17.537629608064194,0.002367300732090037,0.00019626354215344875
2025-10-29,619.9319821586744,0.1777492408881422,620.1097313995625,2553.226959178792,26.40960184706789,22883.044541340463,236.69344913226843,0.0021129461892752223,79.06655083477905,354.8846126616295,17.80367711095495,0.002406958415666513,0.00020258493923462016
2025-10-30,639.0180269607487,0.1902903401131701,639.2083173008618,2635.5552936681456,27.261174609442044,23279.274710469523,240.79190225602068,0.002113494916329136,80.67654695694917,361.0507001750849,18.113014363714687,0.002447423371050071,0.00020899707342664738
2025-10-31,661.9341369135004,0.20467417461109041,662.1388110881115,2724.5352567475034,28.181549270552647,23689.989395650806,245.040177666629,0.002114144837570819,82.57461223423238,367.75033864143313,18.449118538872952,0.0024888400700907674,0.00021550048209394626
2025-11-01,323.1440323966532,0.09078128457081201,323.234813681224,2818.743121848552,29.155999348026842,24116.446500022055,249.4512866324064,0.00536362218697051,60.26131449078274,374.9424662809453,18.809929669212767,0.0025190649563271083,0.00022209619047125774
2025-11-02,334.77774247423787,0.09732546154104763,334.87506793577893,2736.1693625447283,28.301888005363047,24559.612891891655,254.03523006884976,0.005363845710917339,61.98853678818555,370.45572795404695,18.584841182410415,0.002550155946488256,0.00022878582528626967
2025-11-03,688.764127636851,0.23638065663532398,689.0005082934863,2596.9604565366158,26.861964394959596,24984.04869994114,258.42543151957807,0.0021145864114552044,85.15098990825254,362.60972822197573,18.191226917777243,0.0025928640140830805,0.0002355720573612537
2025-11-04,648.4045423315835,0.22880152314872493,648.6333438547322,2626.081102626452,27.163177205672397,25378.520547748754,262.50569724097204,0.002113104235417852,82.29787099967545,365.7858504610759,18.35056505978843,0.0026341407959119515,0.00024245695190540484
2025-11-05,655.8404352078752,0.23919973887421456,656.0796349467494,2699.437922727107,27.921952059063575,25776.8441655353,266.6258041959017,0.0021131639240884337,83.10503105317595,371.6266498104461,18.643583415546814,0.002675822120603284,0.00024943804944241353
2025-11-06,676.0655503273747,0.25517784885102635,676.3207281762258,2786.876675968033,28.82638503584821,26187.84752925305,270.87706558673494,0.002113691811861324,84.8415253122516,378.3528200957375,18.98101862597902,0.002718374082818035,0.00025651220156541494
2025-11-07,700.3401976209794,0.27354058617094784,700.6137382071504,2881.324873755713,29.803321022591835,26614.283626800392,275.28795726597093,0.0021143226960634223,86.87875168960541,385.62876885640617,19.34603485319513,0.0027619474961910534,0.00026368010041107363
2025-11-08,341.67229898555587,0.11990139755927025,341.79220038311513,2981.2785345987886,30.83720341073312,27057.477183417534,279.87218168415944,0.005363651360612013,63.50761882158675,393.4156473198357,19.736683151033088,0.002793799054487839,0.00027094283824295013
2025-11-09,354.003558411117,0.12815938599753682,354.13171779711456,2894.028245667698,29.934719836592553,27518.4455044202,284.64026145788523,0.005363868305507399,65.34963222862251,388.94264338401734,19.512283684423156,0.002826574213383857,0.00027830221276873044
2025-11-10,728.7382689590117,0.31280891082359524,729.0510778698354,2746.791164427049,28.41175585616341,27959.658926031647,289.2040041179144,0.002114718454314781,89.69302787982693,380.93399358559947,19.110509671071682,0.002871558113167244,0.00028576130077916025
2025-11-11,685.9891273277129,0.30173146835381903,686.2908587960668,2777.7427544230018,28.731907249437793,28369.218864286893,293.4403352685575,0.002113224817008555,86.71262467084962,384.48364824758585,19.28858700438694,0.002915046917243913,0.0002933223542573588
2025-11-12,693.8371660803803,0.3144796004711695,694.1516456808514,2855.4945443771167,29.53614198783546,28782.921320850062,297.7195150421023,0.002113269582168402,87.59194525634186,390.8114576230466,19.60603744016504,0.0029589763885424923,0.00030098279449374183
2025-11-13,715.220214909203,0.3345228155213045,715.5547377247243,2948.121628761476,30.494241074973598,29210.105623121235,302.13814586445886,0.0021137835546156053,89.44893527374663,398.05740823909713,19.969548735181625,0.0030038368370103544,0.00030873942368487195
2025-11-14,740.8830865518757,0.3576019985914408,741.2406885504672,3048.1376685014347,31.528768686534768,29653.679420757922,306.7263033501313,0.0021144016602396227,91.62133214726862,405.874515298481,20.361713526388662,0.003049786425420913,0.0003165930584389949
2025-11-15,361.3213969655082,0.15521476589841726,361.4766117314066,3153.950661822508,32.623257765858455,30115.03855735442,311.4984255706875,0.005363641298275441,67.03814919207998,414.2245726660207,20.780615107143788,0.003083406880273716,0.00032454481482803676
2025-11-16,374.36417881330925,0.16549222550097042,374.52967103881025,3061.61909883439,31.668215438866124,30595.253496932146,316.46558499600576,0.00536385380682234,68.99440550142307,409.6612129424746,20.55168271571149,0.0031180081429869767,0.00033259664173601014
2025-11-17,770.8345591716823,0.40562295231496964,771.2401821239972,2905.789399275109,30.056372705295548,31054.60104921437,321.21690015879904,0.0021147675882964385,94.64926591929853,401.3669505095202,20.135580227856824,0.003165475142291537,0.0003407520478191465
2025-11-18,725.5694167850339,0.39014454424379696,725.9595613292777,2938.498670585884,30.3947048809448,31480.48592382332,325.62209019906413,0.002113267189523288,91.5181360287867,405.23718344503567,20.32974017469509,0.003211371487672811,0.000349013454873694
2025-11-19,733.8208661944266,0.40559322575108425,734.2264594201777,3020.712292716245,31.24509110260935,31910.783228321376,330.07292072425776,0.002113302026866575,92.46188443206553,412.0206262891316,20.670048606754534,0.003257740734878834,0.00035737810394809524
2025-11-20,756.3863739473526,0.43040796991521535,756.8167819172678,3118.639742006853,32.25801513443757,32355.37177072302,334.67157434115836,0.002113806502497934,94.43633379068953,419.7628830138896,21.0584583431021,0.003305099759134197,0.0003658427055783802
2025-11-21,783.4724244162994,0.4590342804930719,783.9314586967924,3224.355138481045,33.351494709354135,32817.322860270775,339.44981949634007,0.0021144158199446943,96.74249392868889,428.10166429774864,21.476794230824154,0.003353614887521486,0.00037440818052473005
2025-11-22,382.0250493510451,0.19759491804590015,382.222644269091,3336.1715125710134,34.50808046021455,33298.10727366563,344.42286934072916,0.005363604780664176,70.81957176760216,436.9982573458618,21.923114145424663,0.00338912969271393,0.00038307563018236454
2025-11-23,395.79652282916464,0.21023535852344255,396.0067581876881,3238.3922330844453,33.49668904009419,33798.851039811496,349.6023710860684,0.00536381423178566,72.89088281193033,432.266854714322,21.685751459840507,0.0034256829042511377,0.0003918471414097366
2025-11-24,814.9757165126155,0.5171294111766669,815.4928459237922,3073.4446770752174,31.79053469130424,34277.535231229325,354.5536970386569,0.0021147621336342136,99.96847186097489,423.59304959623904,21.250608260794746,0.0034758144995608313,0.00040072669253936175
2025-11-25,767.0708721408362,0.4962091495994675,767.5670812904357,3107.867609925901,32.14659232563507,34720.836490488226,359.1390354917244,0.002113257997135621,96.6674938283105,427.7484585198694,21.459074776672782,0.0035242903040348115,0.000409716863890643
2025-11-26,775.720399218766,0.5147448367851204,776.2351440555511,3194.633562718802,33.04406611225019,35168.80583002097,363.7726587793928,0.0021132860888210658,97.67057072244576,434.96952315148985,21.821337603833694,0.0035732686752439633,0.0004188146625060018
2025-11-27,799.4960140538567,0.5451221268556196,800.0411361807123,3297.9941595918576,34.113188541918824,35631.88851341461,368.5626087079458,0.002113783872501756,99.76143543577845,443.1962820502119,22.23405360750606,0.0036232950813529867,0.0004280166764468655
2025-11-28,828.0429982846468,0.5802269733718365,828.6232252580187,3409.55955047225,35.26717821857935,36113.327902765915,373.5424333727899,0.0021143869314576348,102.20167885623012,452.04807512256866,22.67812601890556,0.0036745446956238034,0.0004373239173038841
2025-11-29,403.7367152497302,0.2480008007450092,403.9847160504752,3527.541364406191,36.48753691798475,36614.67317334654,378.7281568496419,0.005363550002213276,74.82920935716818,461.4848242673696,23.15154421951745,0.003712067875695938,0.00044673743545018443
2025-11-30,418.2558481125626,0.26338867846960046,418.5192367910322,3423.972311564386,35.416258299608515,37137.10808036104,384.13202344899054,0.005363757274569934,77.01727479545592,456.52564617713716,22.90275460648792,0.0037506878954101414,0.0004562594469856735
2025-12-01,861.1035738156495,0.649856589734355,861.7534304053838,3249.4070776667418,33.6106223740581,37636.21700227211,389.2946149916673,0.002114720144273038,105.61583418005901,447.3980477210584,22.444845725931806,0.003803648043519148,0.00046589444827478313
2025-12-02,810.4372844615154,0.6223008754251967,811.0595853369407,3285.516991543702,33.98412949405544,38097.9173327941,394.07026639152065,0.0021132142284945865,102.12878241741807,451.81512065655056,22.666439273561952,0.003854859140048184,0.0004756451705950538
2025-12-03,819.4811943287721,0.644347478006924,820.125541806779,3376.939050608586,34.92976426078189,38564.53114443887,398.89674095837404,0.002113237594075072,103.18782356931035,459.4648289738014,23.05020608681394,0.003906600767853828,0.0004855083369907069
2025-12-04,844.4958241146568,0.6811690100568485,845.1769931247136,3485.8767400770707,36.05657400037806,39047.09629883839,403.88821010573855,0.0021137304546256105,105.39535623470083,468.17214118797665,23.487030253414982,0.003959448794867191,0.0004954803902612405
2025-12-05,874.5424565477334,0.723791963161965,875.2662485108954,3603.452638419114,37.27273406435585,39549.03616535961,409.0800838552855,0.0021143288469525983,107.97111519785548,477.53553007219955,23.956768152471078,0.004013587829633807,0.0005055624243222301
2025-12-06,426.4212357937943,0.30748058650533683,426.72871638029966,3727.7708581694674,38.55863411884968,40071.98151221664,414.4892302488803,0.00536348218045536,79.0513548571329,487.51289021759646,24.4573074604904,0.004053225471567291,0.0005157554022842872
2025-12-07,441.7077583821966,0.3260443365451803,442.03380271874175,3618.0854184428126,37.424089936951646,40617.17577628945,420.1285109214058,0.005363687828373356,81.35841899759922,482.27822268256205,24.194697228172974,0.0040940194925292534,0.0005260616637363183
2025-12-08,909.168489144773,0.8065621986388952,909.9750513434119,3433.41960206724,35.513977454506595,41137.70698109656,425.51268635418904,0.002114653101533228,111.56729966011787,472.63574289909167,23.71095803382954,0.0041499600005527795,0.0005364862810817884
2025-12-09,855.6206901020093,0.7710095373415039,856.3916996393508,3471.1988409819924,35.90475143338734,41618.70236660453,430.4879184133194,0.002113146687686743,107.87987721595543,477.29882652585337,23.944893325105195,0.004204051042269398,0.000547032131332944
2025-12-10,865.0556592369355,0.7970296687598598,865.8526889056953,3567.3865022693703,36.89967976440313,42104.848622967904,435.5164291079303,0.002113166602755919,108.99262408076797,485.3741159319503,24.35001048159556,0.004258699432932639,0.0005576956047860823
2025-12-11,891.338051778162,0.8412736128153732,892.1793253909774,3682.049261010232,38.08570742800203,42607.80168030694,440.71878291527133,0.002113655645219382,111.31787804062876,494.56313214157814,24.81100053787487,0.004314513093161374,0.0005684729818241023
2025-12-12,922.9225740416664,0.8925695536081518,923.8151435952745,3805.7991011010417,39.36572838097198,43131.17252410745,446.1323304862953,0.0021142503619453693,114.03125544899173,504.44136443158584,25.30656684828572,0.004371686590308899,0.0005793654334564644
2025-12-13,450.0489634642744,0.3771744325011561,450.4261378967755,3936.6266988248985,40.71895894830341,43676.67648170712,451.77481451005826,0.00536340461536655,83.47468072767529,514.9641486289262,25.834468722510774,0.004413539035354792,0.0005903737978688355
2025-12-14,466.12257177174536,0.39938938005159247,466.521961151797,3820.508136980339,39.5178730149341,44245.61843906357,457.65973222716866,0.005363608984231944,85.90328139984047,509.4141878088073,25.556041011377356,0.004456608650063446,0.0006015005342268801
2025-12-15,959.1217568526623,0.9902382603259612,960.1119951129883,3625.270879120381,37.498413590358226,44788.49197426432,463.2750081690197,0.0021145682850625745,117.80561499952978,499.2044253997992,25.043842660633818,0.004515672579247397,0.0006127513582779376
2025-12-16,902.5741490121042,0.9451435209071801,903.5192925330114,3664.7048856208526,37.90630385141324,45289.60369021708,468.45831584624625,0.0021130622241925714,113.90480657475017,504.102885395981,25.289586198114552,0.004572780118946807,0.0006241292888325446
2025-12-17,912.3962932818006,0.9756392913466979,913.3719325731473,3765.7676459254617,38.95165833962875,45796.096648890154,473.6972850372976,0.002113079488990324,115.06966525956383,512.6043841422307,25.716085215646583,0.0046304710105788795,0.0006356303340819871
2025-12-18,939.973907935156,1.0283856536195997,941.0022935887756,3886.3019517413336,40.198419037523685,46320.26969483079,479.1191302800368,0.002113565393803942,117.51413889599418,522.2793778562894,26.20145555290562,0.004689386769196637,0.000647250598842042
2025-12-19,973.1329227042672,1.089631470700611,974.2225541749679,4016.3866256879364,41.54396508582344,46865.92873670491,484.7632184361414,0.002114157041627917,120.36758792829689,532.6785070042812,26.723153961290812,0.004749732396612349,0.0006589913282208281
2025-12-20,474.5915745362805,0.4583159983827372,475.04989053466323,4153.893109785267,42.966279495964514,47434.87641815897,490.64819536112543,0.005363319378621507,88.09042012983808,543.7541019271981,27.278788972739882,0.004793895519474449,0.0006708531951538519
2025-12-21,491.47129047427063,0.4847070835763945,491.955997557847,4031.031337713005,41.695444378471755,48028.48065802523,496.7882102835127,0.005363522679765926,90.64320146682589,537.8541397685641,26.982802566196735,0.004839337904986824,0.0006828387755295369
2025-12-22,1010.9100493065472,1.2041126576396086,1012.1141619641868,3824.761493891723,39.561868109901795,48594.544522277705,502.6433581077894,0.0021144702921306277,124.31755847900668,527.030341661667,26.439799573860466,0.004901661585471675,0.0006949545049672385
2025-12-23,951.2464617458653,1.1477309463936878,952.394192692259,3865.8344879561314,39.9867114306291,49116.524098444665,508.0425149392309,0.0021129651626120064,120.19120616632277,532.1565674922448,26.69696955595959,0.004961915877813782,0.0007072035407076162
2025-12-24,961.4506321422984,1.1832442067763698,962.6338763490749,3971.8773331324105,41.083578009515826,49644.10837554367,513.4996446506606,0.0021129802741198796,121.40693672697692,541.0870041584128,27.144987320584068,0.005022778886673428,0.0007195814574440621
2025-12-25,467.7260154709437,0.4960063639017611,468.22202183484546,4098.423676064219,42.39252491688613,50190.263300292434,519.1488620293104,0.005362834429556521,88.01445883486896,551.2539467725272,27.655037508868475,0.005066901223665579,0.0007320821861676616
2025-12-26,1025.2115989378233,1.318402439204768,1026.5300013770282,3973.310856547943,41.098405826724374,50758.996719003815,525.0316227025411,0.002114063933709031,126.97070137633402,544.2025585583548,27.30128692496018,0.00513055182561407,0.0007447088040415416
2025-12-27,467.6440909516262,0.5146533422542632,468.15874429388043,4039.1996437751527,41.77993420813253,51299.86390671838,530.6261457543733,0.005362748189936015,88.22782875276165,550.4470981050174,27.61455992082651,0.005174780003185559,0.0007574637223394829
2025-12-28,475.6372005137171,0.5336000744788245,476.17080058819596,3895.714566435461,40.29577951913622,51851.20451593982,536.3290018672278,0.0053628315334860125,89.50906318199156,542.0141184895615,27.191498337426744,0.005219649878748417,0.000770347526964259
2025-12-29,832.2056729285141,1.0494736609307738,833.2551465894448,3686.8344791501368,38.135203891828695,52371.091406647225,541.7065127617192,0.0033153396519092536,130.11676969624128,529.1940463854188,26.548347250741163,0.005284875086319223,0.000783361674257181
2025-12-30,783.449945820787,0.9999648001047065,784.4499106208917,3651.226569615715,37.76688931249613,52846.602845444,546.6250209762761,0.0033128447484400384,125.39178519764802,536.2049977533404,26.900069218788556,0.005347730916775853,0.000796507682977328
2025-12-31,773.1734049254243,1.000594173592172,774.1739990990164,3664.085704150821,37.89989927541743,53312.615145139935,551.445273733894,0.0033111407467210866,125.82196453637827,548.084771123999,27.496047860004506,0.005410801547852842,0.0008097795721610635
2026-01-01,427.473606421312,0.5102735339840406,427.98387995529606,3689.9077870992896,38.166993012258736,53778.869210244404,556.2680272203081,0.005361341655085689,84.29586173782842,560.9391856280516,28.140921819357416,0.005453055870998605,0.000823169904686978
2026-01-02,777.9707215325637,1.0374035362940734,779.0081250688578,3545.2377815463965,36.67058187962136,54247.95642161304,561.1200856866583,0.003308890284061466,129.66800329122887,552.1349637357819,27.69923593557799,0.005518052651381902,0.0008366830752774325
2026-01-03,412.2152914982923,0.5074172671256341,412.7227087654179,3522.350063705028,36.43384009166335,54685.76419581425,565.6486016341493,0.005360727776779068,82.94382049132315,558.2337802509101,28.005198369902608,0.005559628117608452,0.0008503225603792749
2026-01-04,409.0544605052098,0.5113821543053301,409.56584265951517,3367.321324580687,34.83028218608505,55116.80538757619,570.1071266443113,0.005360479252694474,83.0191272447313,546.321839077532,27.40760595014413,0.005601240757875938,0.0008640890826069705
2026-01-05,703.3037412865046,0.9755310189357129,704.2792723054404,3173.360617802639,32.82402691701501,55514.68562555444,574.2226474483066,0.0033040519049732935,122.94053546003735,528.4344423227932,26.51023980685475,0.005662862811701893,0.0008779844934352568
2026-01-06,660.0029606595958,0.9258110444532436,660.928771704049,3130.579909463876,32.38151965384337,55871.78432098719,577.9163395944681,0.0033019008712024374,117.69021343550602,529.9063071186371,26.584079597708605,0.0057218523941952185,0.0008920102809861792
2026-01-07,649.8945961446581,0.9244378151505985,650.8190339598086,3130.8740210340084,32.38456183128783,56218.541381275034,581.5030618272644,0.0033008492804706127,117.2156615089868,536.349529042864,26.907319993601835,0.005780603286168722,0.0009061589347165753
2026-01-08,649.4204065940452,0.9377883927284285,650.3581949867736,3143.313780538564,32.513233939502705,56563.623478575464,585.0724588843857,0.003300287586219391,118.02339700637184,543.8996956627616,27.286093047824767,0.005839758187105883,0.0009204239421408839
2026-01-09,651.7251135851146,0.9557401000913422,652.680853685206,3159.137403779917,32.67690743828033,56909.4681172903,588.6497433778643,0.0032999226884909707,119.15153352711144,551.5414912476305,27.669462899001285,0.005899477665461167,0.0009348053682238315
2026-01-10,364.6690512751451,0.49875830857988035,365.167809583725,3175.8935395410695,32.85022648943502,57256.748257459825,592.241876148631,0.005359101575181242,77.66066324601628,559.0198271203707,28.0446323835472,0.005938401100727211,0.0009493018909045398
2026-01-11,366.6315773114105,0.5092993093647198,367.14087662077526,3047.5905446832858,31.523109447293848,57605.64322408073,595.8507120657748,0.0053590355965006265,78.35383547244209,544.9395103804378,27.338257962358206,0.005977671378694578,0.0009639152125037712
2026-01-12,630.1901424681695,0.9652160495383028,631.1553585177078,2875.0807305822314,29.738733996947712,57927.13311689699,599.1760803949047,0.0032981961886711874,117.72703823088992,523.9903503826419,26.287290783056715,0.006036674301593723,0.0009786532787531732
2026-01-13,592.6689298093901,0.9179672290339373,593.586897038424,2834.1464111424402,29.315325073428717,58212.513597428944,602.1279467923197,0.0032965604943828246,112.3750178986602,522.0751704607043,26.1912109764857,0.006092994038843773,0.0009935180071660185
2026-01-14,583.6134421038171,0.9164892280677286,584.5299313318848,2831.1514907714914,29.284346764087246,58488.280311670285,604.9803720730438,0.003295920605965599,111.46945995472372,525.289090395189,26.352445334732117,0.006148859093717326,0.0010085008381820854
2026-01-15,582.8663363849864,0.9289160197547055,583.7952524047412,2839.1033392119057,29.36659763900638,58762.069208266235,607.812339565496,0.003295687758931401,111.79606714725749,529.7804793068258,26.577767129787652,0.006204886987524737,0.001023594212894095
2026-01-16,584.5411950819122,0.9456656416750111,585.4868607235871,2850.271370869251,29.482115481407977,59036.079530067276,610.6465973954697,0.0032956028705346304,112.45178752969247,534.4970205144267,26.814384254747942,0.0062612426455401216,0.001038797032839834
2026-01-17,328.02832148229686,0.4968100017114935,328.52513148400834,2862.4548768070576,29.60813700086677,59310.9534065908,613.4897875047741,0.005358167458665787,72.35757058507231,539.1598287108707,27.04830572837056,0.006297504372439443,0.0010541066791295254
2026-01-18,329.5170770513843,0.5065105729897104,330.02358762437404,2745.3453572434787,28.396800980362627,59586.88961491926,616.3439659674236,0.00535815151084095,72.80945780538356,523.2877544108973,26.252043293100524,0.006333991997798506,0.001069523820735674
2026-01-19,564.4133137095157,0.9521541832693314,565.3654678927851,2588.9788075058864,26.77940527414708,59838.02423829335,618.9416063336589,0.0032945820883299244,110.07513397434148,501.01487815250994,25.13466856596726,0.006389154031987929,0.0010850557752435895
2026-01-20,530.8461473913376,0.9050771509714393,531.751224542309,2550.217040806653,26.37846840414594,60056.62987860307,621.2027793568201,0.003293179730354784,104.80005156329354,497.0418068210747,24.935349472943894,0.006441671737496879,0.001100703491887337
2026-01-21,522.5334187034097,0.9027819947074803,523.4362006981171,2545.566242317449,26.330362325706936,60266.39013737139,623.3724591408652,0.003292753543765433,103.66435812616261,498.14842338803993,24.990865669873703,0.006493619501711589,0.0011164576583843414
2026-01-22,521.6156371091165,0.914055177123057,522.5296922862395,2550.867399039081,26.3851954606321,60474.17143514802,625.5216693103023,0.003292705861921679,103.69773380910026,500.60840673910326,25.114276907549467,0.006545583166285282,0.0011323103156127908
2026-01-23,522.8670584477921,0.9295222053403552,523.7965806531325,2559.165967966945,26.4710326794886,60681.9740577801,627.6711000558772,0.00329278624240412,104.0561067213791,503.38042631016833,25.253342225198352,0.006597725581453178,0.0011482597006618577
2026-01-24,293.9913695845339,0.4904244798254954,294.4817940643594,2568.467089067963,26.56723991407312,60890.39738108458,629.8269510914955,0.005357545305314442,66.40823337044456,506.1792448682671,25.393751981278843,0.00663100214896402,0.0011643024132993519
2026-01-25,295.1619198639756,0.49932359772557705,295.66124346170113,2462.581725633753,25.472002266015,61099.63881199274,631.9912643188526,0.005357561463571444,66.70432778533365,489.88496448990225,24.576308518638847,0.006664426546743138,0.0011804384868144627
2026-01-26,504.3791648027714,0.9331323710325224,505.3122971738039,2321.8000294275444,24.015810316139667,61286.65696305953,633.9257084504613,0.003292202233291662,101.23696409208529,467.7309197822329,23.464895274432976,0.006715153833336773,0.0011966748078753484
2026-01-27,474.4055168167687,0.8864310093052452,475.2919478260739,2285.9634965892087,23.64513094490812,61444.58368412974,635.5592419714369,0.0032909503828095787,96.22318998381184,462.71469196698445,23.21324361879237,0.006763368055688651,0.0012130117183742357
2026-01-28,466.8570363549189,0.8833759053419104,467.74041226026077,2280.6785077079903,23.590465043932344,61594.55346502693,637.1104719505614,0.003290660248829782,95.00524770226124,462.54832663609255,23.20489748450539,0.006810971224907964,0.0012294397444935698
2026-01-29,465.8892403498357,0.893513718095938,466.78275406793165,2284.366867514834,23.62861602522968,61742.7163992434,638.6430125995951,0.0032907302756031414,94.87275141010288,463.7295716912572,23.264157606812006,0.006858507219898401,0.0012459510470080354
2026-01-30,466.85975848430485,0.9077087398689336,467.7674672241738,2290.7969017200544,23.69512583651473,61890.87619075015,640.175520741643,0.003290916048403662,95.04976357712616,465.26548824924873,23.341210715039956,0.0069061311156408435,0.0012625435702706504
2026-01-31,262.84758628499907,0.4802327828976367,263.3278190678967,2298.1729588422236,23.771420946550844,62039.58119014041,641.7136683052378,0.005357127435472392,60.33693330129026,466.87818783608355,23.422115836582527,0.0069363619310742015,0.0012792135105093656
2026-02-01,263.7962297140685,0.48836774731588095,264.28459746138435,2202.969995340817,22.786677952319828,62189.017875958154,643.2593841530218,0.005357164851170329,60.53360535310555,451.00391553785437,22.62574313321452,0.006966690777185501,0.0012959605493087693
2026-02-02,450.06363816176446,0.9086700814458395,450.9723082432103,2076.734109136865,21.480942290445714,62318.66678564652,644.6004228227206,0.003290614420432158,92.10117536748147,429.8206177413299,21.563029843714656,0.007012834985571581,0.0013127912711239614
2026-02-03,423.33201992301036,0.8625983179070714,424.1946182409174,2044.052497863203,21.142896219627293,62422.42027354566,645.6736091666961,0.0032894620580929705,87.44228826028147,424.4158245323279,21.291884830063978,0.007056644272658275,0.0013297056624146824
2026-02-04,416.52466881192174,0.8588711405273441,417.3835399524491,2038.6719126878768,21.087241507196126,62519.11867175057,646.6738203647881,0.003289261054813499,86.22979516507134,423.5334689256351,21.24761924694731,0.007099845356064706,0.0013466944601138336
2026-02-05,415.5726927151156,0.8679167501489191,416.4406094652645,2041.3442573251828,21.114883216686806,62614.257460929395,647.6578995644034,0.0032894081068273982,86.01098713557678,423.9420773729301,21.2681181150326,0.007142936080810009,0.0013637502471059966
2026-02-06,416.35018997709005,0.8808733537981717,417.2310633308882,2046.4990741802194,21.16820266807622,62709.45502508978,648.6425867099186,0.0032896629825409354,86.08024303614332,424.71680658234345,21.30698434986136,0.007186060762789342,0.0013808709099861
2026-02-07,234.62102456774434,0.46684792707361905,235.08787249481796,2052.5266251696557,21.230549347117677,62805.207564800374,649.6330143099842,0.0053568461739726715,54.450304758742405,425.59513912594616,21.351048105922985,0.007213338934792777,0.001398052495293749
2026-02-08,235.40891089304475,0.47425814434182323,235.88316903738658,1967.2289192958742,20.348262544334027,62901.68685201031,650.630959107858,0.005356897869033081,54.58374690363282,410.6121106101638,20.599386883311567,0.007240683485661147,0.0014152945184017583
2026-02-09,401.1981305014581,0.8794751800564685,402.07760568151457,1854.328529535467,19.180464150528042,62980.62420160943,651.4474568211855,0.0032895480370118023,83.18441674965356,390.8495615946509,19.607949021515385,0.007282355250923966,0.0014326033311208664
2026-02-10,377.3777802970842,0.8342994478680531,378.21207974495223,1824.7743235185148,18.874766761971184,63036.58678650847,652.026312367185,0.0032884623515344047,78.91775818863107,385.45179420380737,19.337156475662606,0.007321888918398578,0.0014499787287472997
2026-02-11,371.26658884501376,0.8300054475659409,372.0965942925797,1819.5812486323587,18.82105158415969,63086.35871727963,652.5411341577434,0.0032883207791387344,77.75960311888193,384.20638692140477,19.27467749422345,0.007360841730715905,0.001467411876497861
2026-02-12,370.36502259129196,0.8380205483968816,371.2030431396888,1821.5941909609498,18.84187268870274,63134.84317341972,653.0426388037868,0.0032885191731773936,77.5026809082806,384.1673868757442,19.272720959069545,0.007399665160895337,0.0014848959339742128
2026-02-13,371.0051275501029,0.849790797894438,371.85491834799734,1825.841470366136,18.88580492027384,63183.487795744804,653.5458001475083,0.003288820179557768,77.50989487254883,384.48638862404584,19.288724482248522,0.007438491523002871,0.0015024288676853985
2026-02-14,209.19653795311905,0.45086299297430305,209.64740094609334,1830.8836942655955,18.9379597532509,63232.73865083932,654.0552321308256,0.005356657294941295,48.91356686888586,384.9202978972363,19.31049262975256,0.007462992942200496,0.0015200067375106359
2026-02-15,209.86364681085072,0.4575910219333053,210.32123783278402,1754.6359148718664,18.149281924093433,63282.75169643824,654.5725479208216,0.005356718665029402,49.00668265325138,371.0586152512318,18.615086536506986,0.007487540571011412,0.001537629006980559
2026-02-16,494.12297002672767,1.0988299022856127,495.2217999290133,1653.8338305435798,17.10662376834497,63317.26512093042,654.9295415660362,0.025603438036722097,122.54802496675715,352.9114219943325,17.704687049775824,0.007548924243650061,0.0015553074416575698
2026-02-17,464.7473006988909,1.0441067047932033,465.7914074036841,1695.740513722414,17.54009044999093,63331.445561434484,655.0762186118751,0.025603517912658254,115.47970034107362,371.63541497551813,18.644023142047203,0.0076067664015845825,0.001573041859231556
2026-02-18,474.96387596290856,1.0773928703943934,476.041268833303,1775.8248393235485,18.368452043821648,63353.9364363718,655.3088556088139,0.025603623037770848,118.61997998634791,399.7013208409774,20.052019735947198,0.00766618042354473,0.0015908188922234745
2026-02-19,358.6135144017572,0.8649252490748172,359.478439650832,1868.2967200482985,19.324945763743706,63392.331722054645,655.7060017395341,0.00328432168944376,78.33091345781459,430.26754109623727,21.585450875284437,0.007705413878132187,0.0016086278928876153
2026-02-20,376.3103682647768,0.9130882504946668,377.22345651527144,1898.1950201587847,19.634202329825104,63449.02940745403,656.2924608835851,0.003282912462788943,83.42825965427868,438.63273181762474,22.00511165870967,0.007747199683769983,0.001626475124886668
2026-02-21,216.06376982016968,0.49674656413279467,216.56051638430247,1908.9465664447366,19.74541220704794,63511.42326444852,656.9378390451323,0.005355173539473062,53.035163589247915,439.82966475155666,22.065158802820452,0.007773762353565935,0.0016443713967190863
2026-02-22,217.44064811705516,0.5054213332420291,217.9460694502972,1830.6327865067947,18.935364459484926,63575.65546141523,657.6022322913162,0.005355265812534277,53.26866327420322,422.8430532445977,21.21298281183861,0.00780044149189537,0.001662326323952891
2026-02-23,368.92660385078995,0.9232921267757052,369.84989597756567,1725.2170306060875,17.844984251906045,63623.9037414095,658.1012940217566,0.003282990700061957,81.93403444345839,400.3984349544559,20.086992214727772,0.00784147668670833,0.0016803499227318161
2026-02-24,347.2727029055254,0.8761028997852475,348.14880580531064,1695.4539731739783,17.537126584295393,63650.82762882368,658.3797844020291,0.003282318677308307,77.51149963466057,392.3477613646828,19.683109972432092,0.007880296230589933,0.0016984419910163807
2026-02-25,341.49050323492264,0.8708369874814119,342.36134022240407,1688.0777557863926,17.46082981653519,63671.66428531436,658.595310796878,0.003282576122345327,76.07813238122196,388.6484656096356,19.497525518187004,0.007918397218407779,0.0017165923758212854
2026-02-26,340.40319110392323,0.8781568515155964,341.28134795543883,1687.5001633639208,17.454855421719824,63690.921515045055,658.7945002062005,0.0032831277305094657,75.53442199255876,386.3429669372641,19.381864392068323,0.007956225218791258,0.0017347933399814062
2026-02-27,340.7205807114108,0.8892970539417187,341.6098777653525,1689.1597840362595,17.47202190236349,63709.966940142614,658.9914987895136,0.003283744910824533,75.26531275552804,384.5536817708685,19.292100411818485,0.007993917758935787,0.0017530419321930566
2026-02-28,192.78123996159005,0.4765082696747974,193.25774823126486,1691.7125927842453,17.49842717839414,63729.24906224916,659.1909456760387,0.0053555243614593125,46.93879074787989,383.0152559049873,19.214921417863614,0.008017424069769952,0.00177133288386826
