date_or_day,source_region,source_age_group,target_region,target_age_group,flow_first,flow_reinfection,flow_total
day_1,Seoul,0-18,Seoul,0-18,25.65780239803894,0.0,25.65780239803894
day_1,Seoul,0-18,Seoul,19-49,14.56327556175861,0.0,14.56327556175861
day_1,Seoul,0-18,Seoul,50-64,2.6611001290803515,0.0,2.6611001290803515
day_1,Seoul,0-18,Seoul,65+,0.6669706817918815,0.0,0.6669706817918815
day_1,Seoul,0-18,Wonju,0-18,0.035239279319082405,0.0,0.035239279319082405
day_1,Seoul,0-18,Wonju,19-49,0.013739657014140297,0.0,0.013739657014140297
day_1,Seoul,0-18,Wonju,50-64,0.003166607667433576,0.0,0.003166607667433576
day_1,Seoul,0-18,Wonju,65+,0.0007132605675166666,0.0,0.0007132605675166666
day_1,Seoul,19-49,Seoul,0-18,10.804902755231662,0.0,10.804902755231662
day_1,Seoul,19-49,Seoul,19-49,41.301316798153714,0.0,41.301316798153714
day_1,Seoul,19-49,Seoul,50-64,14.781046550308496,0.0,14.781046550308496
day_1,Seoul,19-49,Seoul,65+,7.099021279761867,0.0,7.099021279761867
day_1,Seoul,19-49,Wonju,0-18,0.014839812868627959,0.0,0.014839812868627959
day_1,Seoul,19-49,Wonju,19-49,0.03896554210160519,0.0,0.03896554210160519
day_1,Seoul,19-49,Wonju,50-64,0.0175888816912256,0.0,0.0175888816912256
day_1,Seoul,19-49,Wonju,65+,0.007591715925522224,0.0,0.007591715925522224
day_1,Seoul,50-64,Seoul,0-18,2.318158738221177,0.0,2.318158738221177
day_1,Seoul,50-64,Seoul,19-49,17.3664573042839,0.0,17.3664573042839
day_1,Seoul,50-64,Seoul,50-64,16.222475786893682,0.0,16.222475786893682
day_1,Seoul,50-64,Seoul,65+,9.904897941093228,0.0,9.904897941093228
day_1,Seoul,50-64,Wonju,0-18,0.003183836324516685,0.0,0.003183836324516685
day_1,Seoul,50-64,Wonju,19-49,0.01638430625718097,0.0,0.01638430625718097
day_1,Seoul,50-64,Wonju,50-64,0.019304127511085453,0.0,0.019304127511085453
day_1,Seoul,50-64,Wonju,65+,0.010592329347488891,0.0,0.010592329347488891
day_1,Seoul,65+,Seoul,0-18,0.47855928497369005,0.0,0.47855928497369005
day_1,Seoul,65+,Seoul,19-49,6.81720530282778,0.0,6.81720530282778
day_1,Seoul,65+,Seoul,50-64,8.102708726366458,0.0,8.102708726366458
day_1,Seoul,65+,Seoul,65+,21.24339953155522,0.0,21.24339953155522
day_1,Seoul,65+,Wonju,0-18,0.0006572692412354521,0.0,0.0006572692412354521
day_1,Seoul,65+,Wonju,19-49,0.006431661768578205,0.0,0.006431661768578205
day_1,Seoul,65+,Wonju,50-64,0.009641914371993259,0.0,0.009641914371993259
day_1,Seoul,65+,Wonju,65+,0.022717758995272227,0.0,0.022717758995272227
day_1,Wonju,0-18,Seoul,0-18,0.02731296827553645,0.0,0.02731296827553645
day_1,Wonju,0-18,Seoul,19-49,0.015502741709344915,0.0,0.015502741709344915
day_1,Wonju,0-18,Seoul,50-64,0.0028327657324679067,0.0,0.0028327657324679067
day_1,Wonju,0-18,Seoul,65+,0.0007099964677367272,0.0,0.0007099964677367272
day_1,Wonju,0-18,Wonju,0-18,1.2453106610985412,0.0,1.2453106610985412
day_1,Wonju,0-18,Wonju,19-49,0.4855417502900224,0.0,0.4855417502900224
day_1,Wonju,0-18,Wonju,50-64,0.11190382902172522,0.0,0.11190382902172522
day_1,Wonju,0-18,Wonju,65+,0.02520570811982285,0.0,0.02520570811982285
day_1,Wonju,19-49,Seoul,0-18,0.011501919049639837,0.0,0.011501919049639837
day_1,Wonju,19-49,Seoul,19-49,0.04396563423265244,0.0,0.04396563423265244
day_1,Wonju,19-49,Seoul,50-64,0.0157345609434836,0.0,0.0157345609434836
day_1,Wonju,19-49,Seoul,65+,0.007556973897979418,0.0,0.007556973897979418
day_1,Wonju,19-49,Wonju,0-18,0.5244198386316751,0.0,0.5244198386316751
day_1,Wonju,19-49,Wonju,19-49,1.3769919797518866,0.0,1.3769919797518866
day_1,Wonju,19-49,Wonju,50-64,0.6215683836366981,0.0,0.6215683836366981
day_1,Wonju,19-49,Wonju,65+,0.2682814450454708,0.0,0.2682814450454708
day_1,Wonju,50-64,Seoul,0-18,0.0024677014458390216,0.0,0.0024677014458390216
day_1,Wonju,50-64,Seoul,19-49,0.01848675463517554,0.0,0.01848675463517554
day_1,Wonju,50-64,Seoul,50-64,0.017268975715237053,0.0,0.017268975715237053
day_1,Wonju,50-64,Seoul,65+,0.010543855589837375,0.0,0.010543855589837375
day_1,Wonju,50-64,Wonju,0-18,0.11251266753251701,0.0,0.11251266753251701
day_1,Wonju,50-64,Wonju,19-49,0.5790002420884437,0.0,0.5790002420884437
day_1,Wonju,50-64,Wonju,50-64,0.6821829576901327,0.0,0.6821829576901327
day_1,Wonju,50-64,Wonju,65+,0.37431925161851864,0.0,0.37431925161851864
day_1,Wonju,65+,Seoul,0-18,0.0005094307909023738,0.0,0.0005094307909023738
day_1,Wonju,65+,Seoul,19-49,0.007256978180570342,0.0,0.007256978180570342
day_1,Wonju,65+,Seoul,50-64,0.008625408480270871,0.0,0.008625408480270871
day_1,Wonju,65+,Seoul,65+,0.022613795541361736,0.0,0.022613795541361736
day_1,Wonju,65+,Wonju,0-18,0.02322704689591734,0.0,0.02322704689591734
day_1,Wonju,65+,Wonju,19-49,0.22728662798314264,0.0,0.22728662798314264
day_1,Wonju,65+,Wonju,50-64,0.34073281272640693,0.0,0.34073281272640693
day_1,Wonju,65+,Wonju,65+,0.8028162896555071,0.0,0.8028162896555071
day_2,Seoul,0-18,Seoul,0-18,20.525581164288322,0.0,20.525581164288322
day_2,Seoul,0-18,Seoul,19-49,11.650418037889818,0.0,11.650418037889818
day_2,Seoul,0-18,Seoul,50-64,2.1288425731335168,0.0,2.1288425731335168
day_2,Seoul,0-18,Seoul,65+,0.5335667951536425,0.0,0.5335667951536425
day_2,Seoul,0-18,Wonju,0-18,0.028190515953546203,0.0,0.028190515953546203
day_2,Seoul,0-18,Wonju,19-49,0.010991534647074253,0.0,0.010991534647074253
day_2,Seoul,0-18,Wonju,50-64,0.002533241474522534,0.0,0.002533241474522534
day_2,Seoul,0-18,Wonju,65+,0.0005705980270330507,0.0,0.0005705980270330507
day_2,Seoul,19-49,Seoul,0-18,8.643643950258992,0.0,8.643643950258992
day_2,Seoul,19-49,Seoul,19-49,33.04047940130485,0.0,33.04047940130485
day_2,Seoul,19-49,Seoul,50-64,11.82462877961662,0.0,11.82462877961662
day_2,Seoul,19-49,Seoul,65+,5.679113244968655,0.0,5.679113244968655
day_2,Seoul,19-49,Wonju,0-18,0.011871468131703837,0.0,0.011871468131703837
day_2,Seoul,19-49,Wonju,19-49,0.03117189210844521,0.0,0.03117189210844521
day_2,Seoul,19-49,Wonju,50-64,0.014070857292780613,0.0,0.014070857292780613
day_2,Seoul,19-49,Wonju,65+,0.006073261758995459,0.0,0.006073261758995459
day_2,Seoul,50-64,Seoul,0-18,1.85446729205069,0.0,1.85446729205069
day_2,Seoul,50-64,Seoul,19-49,13.892924471151069,0.0,13.892924471151069
day_2,Seoul,50-64,Seoul,50-64,12.977751840063943,0.0,12.977751840063943
day_2,Seoul,50-64,Seoul,65+,7.923773555615013,0.0,7.923773555615013
day_2,Seoul,50-64,Wonju,0-18,0.0025469870676715256,0.0,0.0025469870676715256
day_2,Seoul,50-64,Wonju,19-49,0.013107217284153462,0.0,0.013107217284153462
day_2,Seoul,50-64,Wonju,50-64,0.015443029758146987,0.0,0.015443029758146987
day_2,Seoul,50-64,Wonju,65+,0.008473708631341396,0.0,0.008473708631341396
day_2,Seoul,65+,Seoul,0-18,0.38283510385137354,0.0,0.38283510385137354
day_2,Seoul,65+,Seoul,19-49,5.45366949154068,0.0,5.45366949154068
day_2,Seoul,65+,Seoul,50-64,6.482052706656543,0.0,6.482052706656543
day_2,Seoul,65+,Seoul,65+,16.994409073226937,0.0,16.994409073226937
day_2,Seoul,65+,Wonju,0-18,0.000525798466621584,0.0,0.000525798466621584
day_2,Seoul,65+,Wonju,19-49,0.00514524002271927,0.0,0.00514524002271927
day_2,Seoul,65+,Wonju,50-64,0.007713395515373101,0.0,0.007713395515373101
day_2,Seoul,65+,Wonju,65+,0.018173875090903263,0.0,0.018173875090903263
day_2,Wonju,0-18,Seoul,0-18,0.021849671241524718,0.0,0.021849671241524718
day_2,Wonju,0-18,Seoul,19-49,0.012401977898541429,0.0,0.012401977898541429
day_2,Wonju,0-18,Seoul,50-64,0.0022661726348025516,0.0,0.0022661726348025516
day_2,Wonju,0-18,Seoul,65+,0.0005679867949261682,0.0,0.0005679867949261682
day_2,Wonju,0-18,Wonju,0-18,0.9962164589390279,0.0,0.9962164589390279
day_2,Wonju,0-18,Wonju,19-49,0.38842665180225294,0.0,0.38842665180225294
day_2,Wonju,0-18,Wonju,50-64,0.08952148501094952,0.0,0.08952148501094952
day_2,Wonju,0-18,Wonju,65+,0.020164198019829258,0.0,0.020164198019829258
day_2,Wonju,19-49,Seoul,0-18,0.009201239035830307,0.0,0.009201239035830307
day_2,Wonju,19-49,Seoul,19-49,0.03517189631818697,0.0,0.03517189631818697
day_2,Wonju,19-49,Seoul,50-64,0.012587426846515455,0.0,0.012587426846515455
day_2,Wonju,19-49,Seoul,65+,0.006045468644846342,0.0,0.006045468644846342
day_2,Wonju,19-49,Wonju,0-18,0.41952236575101765,0.0,0.41952236575101765
day_2,Wonju,19-49,Wonju,19-49,1.1015744453161846,0.0,1.1015744453161846
day_2,Wonju,19-49,Wonju,50-64,0.4972459407819729,0.0,0.4972459407819729
day_2,Wonju,19-49,Wonju,65+,0.21462123409611367,0.0,0.21462123409611367
day_2,Wonju,50-64,Seoul,0-18,0.0019740976070371404,0.0,0.0019740976070371404
day_2,Wonju,50-64,Seoul,19-49,0.014789146765117172,0.0,0.014789146765117172
day_2,Wonju,50-64,Seoul,50-64,0.013814937023700175,0.0,0.013814937023700175
day_2,Wonju,50-64,Seoul,65+,0.008434930333846088,0.0,0.008434930333846088
day_2,Wonju,50-64,Wonju,0-18,0.09000723653658567,0.0,0.09000723653658567
day_2,Wonju,50-64,Wonju,19-49,0.4631921462835522,0.0,0.4631921462835522
day_2,Wonju,50-64,Wonju,50-64,0.5457367451629039,0.0,0.5457367451629039
day_2,Wonju,50-64,Wonju,65+,0.29944992921401614,0.0,0.29944992921401614
day_2,Wonju,65+,Seoul,0-18,0.00040753151357395516,0.0,0.00040753151357395516
day_2,Wonju,65+,Seoul,19-49,0.00580548168143568,0.0,0.00580548168143568
day_2,Wonju,65+,Seoul,50-64,0.00690020513802059,0.0,0.00690020513802059
day_2,Wonju,65+,Seoul,65+,0.018090705847590947,0.0,0.018090705847590947
day_2,Wonju,65+,Wonju,0-18,0.01858103936077242,0.0,0.01858103936077242
day_2,Wonju,65+,Wonju,19-49,0.18182614338351477,0.0,0.18182614338351477
day_2,Wonju,65+,Wonju,50-64,0.2725814447448784,0.0,0.2725814447448784
day_2,Wonju,65+,Wonju,65+,0.6422412955511134,0.0,0.6422412955511134
day_3,Seoul,0-18,Seoul,0-18,21.007820154287323,0.0,21.007820154287323
day_3,Seoul,0-18,Seoul,19-49,11.92429971351277,0.0,11.92429971351277
day_3,Seoul,0-18,Seoul,50-64,2.178887781586546,0.0,2.178887781586546
day_3,Seoul,0-18,Seoul,65+,0.5461096887549706,0.0,0.5461096887549706
day_3,Seoul,0-18,Wonju,0-18,0.028852839024068655,0.0,0.028852839024068655
day_3,Seoul,0-18,Wonju,19-49,0.011249927085613188,0.0,0.011249927085613188
day_3,Seoul,0-18,Wonju,50-64,0.0025927933640113522,0.0,0.0025927933640113522
day_3,Seoul,0-18,Wonju,65+,0.0005840114373262125,0.0,0.0005840114373262125
day_3,Seoul,19-49,Seoul,0-18,7.957430111837744,0.0,7.957430111837744
day_3,Seoul,19-49,Seoul,19-49,30.417824531934304,0.0,30.417824531934304
day_3,Seoul,19-49,Seoul,50-64,10.886023511645861,0.0,10.886023511645861
day_3,Seoul,19-49,Seoul,65+,5.228318683522231,0.0,5.228318683522231
day_3,Seoul,19-49,Wonju,0-18,0.010928999219144352,0.0,0.010928999219144352
day_3,Seoul,19-49,Wonju,19-49,0.028697560134240296,0.0,0.028697560134240296
day_3,Seoul,19-49,Wonju,50-64,0.012953952819412706,0.0,0.012953952819412706
day_3,Seoul,19-49,Wonju,65+,0.00559118062183532,0.0,0.00559118062183532
day_3,Seoul,50-64,Seoul,0-18,1.7105334108822252,0.0,1.7105334108822252
day_3,Seoul,50-64,Seoul,19-49,12.814802122006073,0.0,12.814802122006073
day_3,Seoul,50-64,Seoul,50-64,11.970647366163464,0.0,11.970647366163464
day_3,Seoul,50-64,Seoul,65+,7.30886597209947,0.0,7.30886597209947
day_3,Seoul,50-64,Wonju,0-18,0.0023493034873208253,0.0,0.0023493034873208253
day_3,Seoul,50-64,Wonju,19-49,0.012090067589106232,0.0,0.012090067589106232
day_3,Seoul,50-64,Wonju,50-64,0.014244613842071692,0.0,0.014244613842071692
day_3,Seoul,50-64,Wonju,65+,0.007816124506638513,0.0,0.007816124506638513
day_3,Seoul,65+,Seoul,0-18,0.3548344135366118,0.0,0.3548344135366118
day_3,Seoul,65+,Seoul,19-49,5.054854287059311,0.0,5.054854287059311
day_3,Seoul,65+,Seoul,50-64,6.008033235574475,0.0,6.008033235574475
day_3,Seoul,65+,Seoul,65+,15.751633793651639,0.0,15.751633793651639
day_3,Seoul,65+,Wonju,0-18,0.0004873413871016159,0.0,0.0004873413871016159
day_3,Seoul,65+,Wonju,19-49,0.004768979606691231,0.0,0.004768979606691231
day_3,Seoul,65+,Wonju,50-64,0.007149330422429743,0.0,0.007149330422429743
day_3,Seoul,65+,Wonju,65+,0.016844847255940404,0.0,0.016844847255940404
day_3,Wonju,0-18,Seoul,0-18,0.02236301911250513,0.0,0.02236301911250513
day_3,Wonju,0-18,Seoul,19-49,0.012693527478723408,0.0,0.012693527478723408
day_3,Wonju,0-18,Seoul,50-64,0.0023194462226810157,0.0,0.0023194462226810157
day_3,Wonju,0-18,Seoul,65+,0.0005813388213274117,0.0,0.0005813388213274117
day_3,Wonju,0-18,Wonju,0-18,1.0196221016408775,0.0,1.0196221016408775
day_3,Wonju,0-18,Wonju,19-49,0.3975579071706208,0.0,0.3975579071706208
day_3,Wonju,0-18,Wonju,50-64,0.09162597194433664,0.0,0.09162597194433664
day_3,Wonju,0-18,Wonju,65+,0.02063821063196341,0.0,0.02063821063196341
day_3,Wonju,19-49,Seoul,0-18,0.008470758049646311,0.0,0.008470758049646311
day_3,Wonju,19-49,Seoul,19-49,0.03238005592073058,0.0,0.03238005592073058
day_3,Wonju,19-49,Seoul,50-64,0.01158827284612078,0.0,0.01158827284612078
day_3,Wonju,19-49,Seoul,65+,0.0055655936592742495,0.0,0.0055655936592742495
day_3,Wonju,19-49,Wonju,0-18,0.38621673047008503,0.0,0.38621673047008503
day_3,Wonju,19-49,Wonju,19-49,1.0141347460342012,0.0,1.0141347460342012
day_3,Wonju,19-49,Wonju,50-64,0.4577759778602135,0.0,0.4577759778602135
day_3,Wonju,19-49,Wonju,65+,0.19758510874905136,0.0,0.19758510874905136
day_3,Wonju,50-64,Seoul,0-18,0.0018208786575284494,0.0,0.0018208786575284494
day_3,Wonju,50-64,Seoul,19-49,0.013641475539712665,0.0,0.013641475539712665
day_3,Wonju,50-64,Seoul,50-64,0.012742864984206372,0.0,0.012742864984206372
day_3,Wonju,50-64,Seoul,65+,0.00778035551639288,0.0,0.00778035551639288
day_3,Wonju,50-64,Wonju,0-18,0.08302135388257949,0.0,0.08302135388257949
day_3,Wonju,50-64,Wonju,19-49,0.4272473885118027,0.0,0.4272473885118027
day_3,Wonju,50-64,Wonju,50-64,0.5033862730319205,0.0,0.5033862730319205
day_3,Wonju,50-64,Wonju,65+,0.2762117547426611,0.0,0.2762117547426611
day_3,Wonju,65+,Seoul,0-18,0.0003777245194130421,0.0,0.0003777245194130421
day_3,Wonju,65+,Seoul,19-49,0.005380939202745699,0.0,0.005380939202745699
day_3,Wonju,65+,Seoul,50-64,0.006395607021050111,0.0,0.006395607021050111
day_3,Wonju,65+,Seoul,65+,0.01676776005285463,0.0,0.01676776005285463
day_3,Wonju,65+,Wonju,0-18,0.017222015792574843,0.0,0.017222015792574843
day_3,Wonju,65+,Wonju,19-49,0.16852958577839489,0.0,0.16852958577839489
day_3,Wonju,65+,Wonju,50-64,0.2526481121861865,0.0,0.2526481121861865
day_3,Wonju,65+,Wonju,65+,0.595275166738152,0.0,0.595275166738152
day_4,Seoul,0-18,Seoul,0-18,22.76964789469347,0.0,22.76964789469347
day_4,Seoul,0-18,Seoul,19-49,12.924521996948085,0.0,12.924521996948085
day_4,Seoul,0-18,Seoul,50-64,2.3616552239597643,0.0,2.3616552239597643
day_4,Seoul,0-18,Seoul,65+,0.5919176849694464,0.0,0.5919176849694464
day_4,Seoul,0-18,Wonju,0-18,0.03127259184986112,0.0,0.03127259184986112
day_4,Seoul,0-18,Wonju,19-49,0.01219358231303937,0.0,0.01219358231303937
day_4,Seoul,0-18,Wonju,50-64,0.002810279650247514,0.0,0.002810279650247514
day_4,Seoul,0-18,Wonju,65+,0.0006329986541090536,0.0,0.0006329986541090536
day_4,Seoul,19-49,Seoul,0-18,7.7212312407385655,0.0,7.7212312407385655
day_4,Seoul,19-49,Seoul,19-49,29.51536506034432,0.0,29.51536506034432
day_4,Seoul,19-49,Seoul,50-64,10.563049190872315,0.0,10.563049190872315
day_4,Seoul,19-49,Seoul,65+,5.073198878328627,0.0,5.073198878328627
day_4,Seoul,19-49,Wonju,0-18,0.01060459583243216,0.0,0.01060459583243216
day_4,Seoul,19-49,Wonju,19-49,0.027846138793194728,0.0,0.027846138793194728
day_4,Seoul,19-49,Wonju,50-64,0.012569625694939154,0.0,0.012569625694939154
day_4,Seoul,19-49,Wonju,65+,0.005425295009010152,0.0,0.005425295009010152
day_4,Seoul,50-64,Seoul,0-18,1.66347768744115,0.0,1.66347768744115
day_4,Seoul,50-64,Seoul,19-49,12.462455072353455,0.0,12.462455072353455
day_4,Seoul,50-64,Seoul,50-64,11.641511300784712,0.0,11.641511300784712
day_4,Seoul,50-64,Seoul,65+,7.107903560067879,0.0,7.107903560067879
day_4,Seoul,50-64,Wonju,0-18,0.002284675591440378,0.0,0.002284675591440378
day_4,Seoul,50-64,Wonju,19-49,0.011757647345347103,0.0,0.011757647345347103
day_4,Seoul,50-64,Wonju,50-64,0.01385295447650793,0.0,0.01385295447650793
day_4,Seoul,50-64,Wonju,65+,0.007601214664319689,0.0,0.007601214664319689
day_4,Seoul,65+,Seoul,0-18,0.3470043313679186,0.0,0.3470043313679186
day_4,Seoul,65+,Seoul,19-49,4.94338102548132,0.0,4.94338102548132
day_4,Seoul,65+,Seoul,50-64,5.875540134124249,0.0,5.875540134124249
day_4,Seoul,65+,Seoul,65+,15.404261381796859,0.0,15.404261381796859
day_4,Seoul,65+,Wonju,0-18,0.00047658729178380957,0.0,0.00047658729178380957
day_4,Seoul,65+,Wonju,19-49,0.004663810658000116,0.0,0.004663810658000116
day_4,Seoul,65+,Wonju,50-64,0.00699166868458325,0.0,0.00699166868458325
day_4,Seoul,65+,Wonju,65+,0.016473366094349424,0.0,0.016473366094349424
day_4,Wonju,0-18,Seoul,0-18,0.024238501058860405,0.0,0.024238501058860405
day_4,Wonju,0-18,Seoul,19-49,0.013758273362729492,0.0,0.013758273362729492
day_4,Wonju,0-18,Seoul,50-64,0.002514003857738731,0.0,0.002514003857738731
day_4,Wonju,0-18,Seoul,65+,0.0006301018575361363,0.0,0.0006301018575361363
day_4,Wonju,0-18,Wonju,0-18,1.1051330442426728,0.0,1.1051330442426728
day_4,Wonju,0-18,Wonju,19-49,0.4309054652882138,0.0,0.4309054652882138
day_4,Wonju,0-18,Wonju,50-64,0.09931165667245648,0.0,0.09931165667245648
day_4,Wonju,0-18,Wonju,65+,0.022369355663757032,0.0,0.022369355663757032
day_4,Wonju,19-49,Seoul,0-18,0.008219322163869029,0.0,0.008219322163869029
day_4,Wonju,19-49,Seoul,19-49,0.031419379455337786,0.0,0.031419379455337786
day_4,Wonju,19-49,Seoul,50-64,0.011244463690517686,0.0,0.011244463690517686
day_4,Wonju,19-49,Seoul,65+,0.005400467190045377,0.0,0.005400467190045377
day_4,Wonju,19-49,Wonju,0-18,0.37475273336869125,0.0,0.37475273336869125
day_4,Wonju,19-49,Wonju,19-49,0.984046614449833,0.0,0.984046614449833
day_4,Wonju,19-49,Wonju,50-64,0.44419435318728523,0.0,0.44419435318728523
day_4,Wonju,19-49,Wonju,65+,0.191722925237762,0.0,0.191722925237762
day_4,Wonju,50-64,Seoul,0-18,0.0017707874041315206,0.0,0.0017707874041315206
day_4,Wonju,50-64,Seoul,19-49,0.013266398842190186,0.0,0.013266398842190186
day_4,Wonju,50-64,Seoul,50-64,0.012392496594405701,0.0,0.012392496594405701
day_4,Wonju,50-64,Seoul,65+,0.0075664291676260185,0.0,0.0075664291676260185
day_4,Wonju,50-64,Wonju,0-18,0.08073748743299787,0.0,0.08073748743299787
day_4,Wonju,50-64,Wonju,19-49,0.41550008602670174,0.0,0.41550008602670174
day_4,Wonju,50-64,Wonju,50-64,0.48954553641982057,0.0,0.48954553641982057
day_4,Wonju,50-64,Wonju,65+,0.26861711821813616,0.0,0.26861711821813616
day_4,Wonju,65+,Seoul,0-18,0.00036938932442827187,0.0,0.00036938932442827187
day_4,Wonju,65+,Seoul,19-49,0.0052622748834163496,0.0,0.0052622748834163496
day_4,Wonju,65+,Seoul,50-64,0.0062545668875071845,0.0,0.0062545668875071845
day_4,Wonju,65+,Seoul,65+,0.016397978903339216,0.0,0.016397978903339216
day_4,Wonju,65+,Wonju,0-18,0.01684197994029559,0.0,0.01684197994029559
day_4,Wonju,65+,Wonju,19-49,0.16481305083352027,0.0,0.16481305083352027
day_4,Wonju,65+,Wonju,50-64,0.24707654980519192,0.0,0.24707654980519192
day_4,Wonju,65+,Wonju,65+,0.5821475018180577,0.0,0.5821475018180577
day_5,Seoul,0-18,Seoul,0-18,24.823006475276884,0.0,24.823006475276884
day_5,Seoul,0-18,Seoul,19-49,14.090275946175796,0.0,14.090275946175796
day_5,Seoul,0-18,Seoul,50-64,2.5746702394195684,0.0,2.5746702394195684
day_5,Seoul,0-18,Seoul,65+,0.645306829006481,0.0,0.645306829006481
day_5,Seoul,0-18,Wonju,0-18,0.03409274282931306,0.0,0.03409274282931306
day_5,Seoul,0-18,Wonju,19-49,0.013293407648167074,0.0,0.013293407648167074
day_5,Seoul,0-18,Wonju,50-64,0.0030637593949073326,0.0,0.0030637593949073326
day_5,Seoul,0-18,Wonju,65+,0.000690093174475043,0.0,0.000690093174475043
day_5,Seoul,19-49,Seoul,0-18,7.638785937425262,0.0,7.638785937425262
day_5,Seoul,19-49,Seoul,19-49,29.200674455645284,0.0,29.200674455645284
day_5,Seoul,19-49,Seoul,50-64,10.450429376013124,0.0,10.450429376013124
day_5,Seoul,19-49,Seoul,65+,5.019108083460813,0.0,5.019108083460813
day_5,Seoul,19-49,Wonju,0-18,0.010491362710322446,0.0,0.010491362710322446
day_5,Seoul,19-49,Wonju,19-49,0.027549245353542272,0.0,0.027549245353542272
day_5,Seoul,19-49,Wonju,50-64,0.01243561241022998,0.0,0.01243561241022998
day_5,Seoul,19-49,Wonju,65+,0.005367450141015066,0.0,0.005367450141015066
day_5,Seoul,50-64,Seoul,0-18,1.6469915031820899,0.0,1.6469915031820899
day_5,Seoul,50-64,Seoul,19-49,12.33914100302847,0.0,12.33914100302847
day_5,Seoul,50-64,Seoul,50-64,11.526323235284512,0.0,11.526323235284512
day_5,Seoul,50-64,Seoul,65+,7.037570928466134,0.0,7.037570928466134
day_5,Seoul,50-64,Wonju,0-18,0.0022620329175668235,0.0,0.0022620329175668235
day_5,Seoul,50-64,Wonju,19-49,0.011641307239691737,0.0,0.011641307239691737
day_5,Seoul,50-64,Wonju,50-64,0.013715885071481129,0.0,0.013715885071481129
day_5,Seoul,50-64,Wonju,65+,0.007526000724485894,0.0,0.007526000724485894
day_5,Seoul,65+,Seoul,0-18,0.3451578092942911,0.0,0.3451578092942911
day_5,Seoul,65+,Seoul,19-49,4.91715430498979,0.0,4.91715430498979
day_5,Seoul,65+,Seoul,50-64,5.84436938289382,0.0,5.84436938289382
day_5,Seoul,65+,Seoul,65+,15.322533053336743,0.0,15.322533053336743
day_5,Seoul,65+,Wonju,0-18,0.0004740512169434176,0.0,0.0004740512169434176
day_5,Seoul,65+,Wonju,19-49,0.004639067176176183,0.0,0.004639067176176183
day_5,Seoul,65+,Wonju,50-64,0.006954576679375595,0.0,0.006954576679375595
day_5,Seoul,65+,Wonju,65+,0.016385965560066516,0.0,0.016385965560066516
day_5,Wonju,0-18,Seoul,0-18,0.02642432028451872,0.0,0.02642432028451872
day_5,Wonju,0-18,Seoul,19-49,0.014999229237998502,0.0,0.014999229237998502
day_5,Wonju,0-18,Seoul,50-64,0.0027407603144768665,0.0,0.0027407603144768665
day_5,Wonju,0-18,Seoul,65+,0.0006869350958127326,0.0,0.0006869350958127326
day_5,Wonju,0-18,Wonju,0-18,1.2047935409520145,0.0,1.2047935409520145
day_5,Wonju,0-18,Wonju,19-49,0.4697718735021621,0.0,0.4697718735021621
day_5,Wonju,0-18,Wonju,50-64,0.10826930377809618,0.0,0.10826930377809618
day_5,Wonju,0-18,Wonju,65+,0.024387002343142245,0.0,0.024387002343142245
day_5,Wonju,19-49,Seoul,0-18,0.008131558374947055,0.0,0.008131558374947055
day_5,Wonju,19-49,Seoul,19-49,0.031084388392213412,0.0,0.031084388392213412
day_5,Wonju,19-49,Seoul,50-64,0.011124578854602005,0.0,0.011124578854602005
day_5,Wonju,19-49,Seoul,65+,0.0053428870379612645,0.0,0.0053428870379612645
day_5,Wonju,19-49,Wonju,0-18,0.3707512209405883,0.0,0.3707512209405883
day_5,Wonju,19-49,Wonju,19-49,0.9735547833808244,0.0,0.9735547833808244
day_5,Wonju,19-49,Wonju,50-64,0.43945849662603037,0.0,0.43945849662603037
day_5,Wonju,19-49,Wonju,65+,0.18967876224135496,0.0,0.18967876224135496
day_5,Wonju,50-64,Seoul,0-18,0.001753237708305397,0.0,0.001753237708305397
day_5,Wonju,50-64,Seoul,19-49,0.013135129873353706,0.0,0.013135129873353706
day_5,Wonju,50-64,Seoul,50-64,0.012269877831897502,0.0,0.012269877831897502
day_5,Wonju,50-64,Seoul,65+,0.007491559429919241,0.0,0.007491559429919241
day_5,Wonju,50-64,Wonju,0-18,0.07993732455465982,0.0,0.07993732455465982
day_5,Wonju,50-64,Wonju,19-49,0.41138877680910646,0.0,0.41138877680910646
day_5,Wonju,50-64,Wonju,50-64,0.4847016805099218,0.0,0.4847016805099218
day_5,Wonju,50-64,Wonju,65+,0.26595915463465475,0.0,0.26595915463465475
day_5,Wonju,65+,Seoul,0-18,0.0003674236845798287,0.0,0.0003674236845798287
day_5,Wonju,65+,Seoul,19-49,0.005234356296561412,0.0,0.005234356296561412
day_5,Wonju,65+,Seoul,50-64,0.0062213853341428794,0.0,0.0062213853341428794
day_5,Wonju,65+,Seoul,65+,0.01631097834078853,0.0,0.01631097834078853
day_5,Wonju,65+,Wonju,0-18,0.016752358327790772,0.0,0.016752358327790772
day_5,Wonju,65+,Wonju,19-49,0.1639386481129357,0.0,0.1639386481129357
day_5,Wonju,65+,Wonju,50-64,0.24576576620180532,0.0,0.24576576620180532
day_5,Wonju,65+,Wonju,65+,0.5790588797113827,0.0,0.5790588797113827
day_6,Seoul,0-18,Seoul,0-18,26.959309954949976,0.0,26.959309954949976
day_6,Seoul,0-18,Seoul,19-49,15.303174934731468,0.0,15.303174934731468
day_6,Seoul,0-18,Seoul,50-64,2.7963005596111365,0.0,2.7963005596111365
day_6,Seoul,0-18,Seoul,65+,0.7008552844501109,0.0,0.7008552844501109
day_6,Seoul,0-18,Wonju,0-18,0.037026813092333,0.0,0.037026813092333
day_6,Seoul,0-18,Wonju,19-49,0.014437711759208717,0.0,0.014437711759208717
day_6,Seoul,0-18,Wonju,50-64,0.003327491023636733,0.0,0.003327491023636733
day_6,Seoul,0-18,Wonju,65+,0.000749496869324048,0.0,0.000749496869324048
day_6,Seoul,19-49,Seoul,0-18,7.621283167393656,0.0,7.621283167393656
day_6,Seoul,19-49,Seoul,19-49,29.134280265772787,0.0,29.134280265772787
day_6,Seoul,19-49,Seoul,50-64,10.426672629412124,0.0,10.426672629412124
day_6,Seoul,19-49,Seoul,65+,5.007696571716145,0.0,5.007696571716145
day_6,Seoul,19-49,Wonju,0-18,0.010467323823732198,0.0,0.010467323823732198
day_6,Seoul,19-49,Wonju,19-49,0.02748660605287731,0.0,0.02748660605287731
day_6,Seoul,19-49,Wonju,50-64,0.012407342787784019,0.0,0.012407342787784019
day_6,Seoul,19-49,Wonju,65+,0.005355246634076262,0.0,0.005355246634076262
day_6,Seoul,50-64,Seoul,0-18,1.641103506951554,0.0,1.641103506951554
day_6,Seoul,50-64,Seoul,19-49,12.295245223214039,0.0,12.295245223214039
day_6,Seoul,50-64,Seoul,50-64,11.485324091483413,0.0,11.485324091483413
day_6,Seoul,50-64,Seoul,65+,7.012535933823904,0.0,7.012535933823904
day_6,Seoul,50-64,Wonju,0-18,0.002253946147679882,0.0,0.002253946147679882
day_6,Seoul,50-64,Wonju,19-49,0.011599893963093294,0.0,0.011599893963093294
day_6,Seoul,50-64,Wonju,50-64,0.013667097653939033,0.0,0.013667097653939033
day_6,Seoul,50-64,Wonju,65+,0.007499228221625166,0.0,0.007499228221625166
day_6,Seoul,65+,Seoul,0-18,0.34506689147797304,0.0,0.34506689147797304
day_6,Seoul,65+,Seoul,19-49,4.915945706850305,0.0,4.915945706850305
day_6,Seoul,65+,Seoul,50-64,5.842935468841023,0.0,5.842935468841023
day_6,Seoul,65+,Seoul,65+,15.318768546976942,0.0,15.318768546976942
day_6,Seoul,65+,Wonju,0-18,0.0004739263473901096,0.0,0.0004739263473901096
day_6,Seoul,65+,Wonju,19-49,0.00463792692968191,0.0,0.00463792692968191
day_6,Seoul,65+,Wonju,50-64,0.0069528703763378375,0.0,0.0069528703763378375
day_6,Seoul,65+,Wonju,65+,0.01638193978499736,0.0,0.01638193978499736
day_6,Wonju,0-18,Seoul,0-18,0.028698435123429823,0.0,0.028698435123429823
day_6,Wonju,0-18,Seoul,19-49,0.01629037144425321,0.0,0.01629037144425321
day_6,Wonju,0-18,Seoul,50-64,0.002976687842890288,0.0,0.002976687842890288
day_6,Wonju,0-18,Seoul,65+,0.0007460669410795305,0.0,0.0007460669410795305
day_6,Wonju,0-18,Wonju,0-18,1.3084797981500254,0.0,1.3084797981500254
day_6,Wonju,0-18,Wonju,19-49,0.5102101042649401,0.0,0.5102101042649401
day_6,Wonju,0-18,Wonju,50-64,0.11758923923851741,0.0,0.11758923923851741
day_6,Wonju,0-18,Wonju,65+,0.02648625226917724,0.0,0.02648625226917724
day_6,Wonju,19-49,Seoul,0-18,0.008112926514151221,0.0,0.008112926514151221
day_6,Wonju,19-49,Seoul,19-49,0.031013711162202244,0.0,0.031013711162202244
day_6,Wonju,19-49,Seoul,50-64,0.011099289577828533,0.0,0.011099289577828533
day_6,Wonju,19-49,Seoul,65+,0.005330739378024423,0.0,0.005330739378024423
day_6,Wonju,19-49,Wonju,0-18,0.36990171770640723,0.0,0.36990171770640723
day_6,Wonju,19-49,Wonju,19-49,0.9713411913202287,0.0,0.9713411913202287
day_6,Wonju,19-49,Wonju,50-64,0.4384594846457222,0.0,0.4384594846457222
day_6,Wonju,19-49,Wonju,65+,0.18924750605259819,0.0,0.18924750605259819
day_6,Wonju,50-64,Seoul,0-18,0.0017469698817879013,0.0,0.0017469698817879013
day_6,Wonju,50-64,Seoul,19-49,0.013088402409212307,0.0,0.013088402409212307
day_6,Wonju,50-64,Seoul,50-64,0.012226233863618707,0.0,0.012226233863618707
day_6,Wonju,50-64,Seoul,65+,0.00746490944626773,0.0,0.00746490944626773
day_6,Wonju,50-64,Wonju,0-18,0.07965154854139712,0.0,0.07965154854139712
day_6,Wonju,50-64,Wonju,19-49,0.4099252850506034,0.0,0.4099252850506034
day_6,Wonju,50-64,Wonju,50-64,0.48297759612549057,0.0,0.48297759612549057
day_6,Wonju,50-64,Wonju,65+,0.26501304892872163,0.0,0.26501304892872163
day_6,Wonju,65+,Seoul,0-18,0.00036732690172234736,0.0,0.00036732690172234736
day_6,Wonju,65+,Seoul,19-49,0.005233069732648825,0.0,0.005233069732648825
day_6,Wonju,65+,Seoul,50-64,0.006219858919353869,0.0,0.006219858919353869
day_6,Wonju,65+,Seoul,65+,0.016306970988904563,0.0,0.016306970988904563
day_6,Wonju,65+,Wonju,0-18,0.016747945598898875,0.0,0.016747945598898875
day_6,Wonju,65+,Wonju,19-49,0.16389835327311397,0.0,0.16389835327311397
day_6,Wonju,65+,Wonju,50-64,0.24570546765413234,0.0,0.24570546765413234
day_6,Wonju,65+,Wonju,65+,0.5789166140149873,0.0,0.5789166140149873
day_7,Seoul,0-18,Seoul,0-18,29.143109557096313,0.0,29.143109557096313
day_7,Seoul,0-18,Seoul,19-49,16.54310555167465,0.0,16.54310555167465
day_7,Seoul,0-18,Seoul,50-64,3.0228710726788552,0.0,3.0228710726788552
day_7,Seoul,0-18,Seoul,65+,0.7576419482690282,0.0,0.7576419482690282
day_7,Seoul,0-18,Wonju,0-18,0.04002611610991402,0.0,0.04002611610991402
day_7,Seoul,0-18,Wonju,19-49,0.015607518738818837,0.0,0.015607518738818837
day_7,Seoul,0-18,Wonju,50-64,0.003597101293484994,0.0,0.003597101293484994
day_7,Seoul,0-18,Wonju,65+,0.0008102247081460514,0.0,0.0008102247081460514
day_7,Seoul,19-49,Seoul,0-18,7.64060868736631,0.0,7.64060868736631
day_7,Seoul,19-49,Seoul,19-49,29.208720602363762,0.0,29.208720602363762
day_7,Seoul,19-49,Seoul,50-64,10.453320253729473,0.0,10.453320253729473
day_7,Seoul,19-49,Seoul,65+,5.020493496125792,0.0,5.020493496125792
day_7,Seoul,19-49,Wonju,0-18,0.010493866135725175,0.0,0.010493866135725175
day_7,Seoul,19-49,Wonju,19-49,0.027556836454577793,0.0,0.027556836454577793
day_7,Seoul,19-49,Wonju,50-64,0.012439052444463248,0.0,0.012439052444463248
day_7,Seoul,19-49,Wonju,65+,0.005368931705723447,0.0,0.005368931705723447
day_7,Seoul,50-64,Seoul,0-18,1.6397862839097626,0.0,1.6397862839097626
day_7,Seoul,50-64,Seoul,19-49,12.285613590943047,0.0,12.285613590943047
day_7,Seoul,50-64,Seoul,50-64,11.476334244058824,0.0,11.476334244058824
day_7,Seoul,50-64,Seoul,65+,7.00704519105636,0.0,7.00704519105636
day_7,Seoul,50-64,Wonju,0-18,0.002252137029736922,0.0,0.002252137029736922
day_7,Seoul,50-64,Wonju,19-49,0.011590807042823982,0.0,0.011590807042823982
day_7,Seoul,50-64,Wonju,50-64,0.013656400078348892,0.0,0.013656400078348892
day_7,Seoul,50-64,Wonju,65+,0.007493356403853589,0.0,0.007493356403853589
day_7,Seoul,65+,Seoul,0-18,0.3454950394666489,0.0,0.3454950394666489
day_7,Seoul,65+,Seoul,19-49,4.9221402402632295,0.0,4.9221402402632295
day_7,Seoul,65+,Seoul,50-64,5.8503018257814885,0.0,5.8503018257814885
day_7,Seoul,65+,Seoul,65+,15.338077293837678,0.0,15.338077293837678
day_7,Seoul,65+,Wonju,0-18,0.0004745143800800803,0.0,0.0004745143800800803
day_7,Seoul,65+,Wonju,19-49,0.00464377113444857,0.0,0.00464377113444857
day_7,Seoul,65+,Wonju,50-64,0.006961636060166799,0.0,0.006961636060166799
day_7,Seoul,65+,Wonju,65+,0.016402588620275882,0.0,0.016402588620275882
day_7,Wonju,0-18,Seoul,0-18,0.03102311002458623,0.0,0.03102311002458623
day_7,Wonju,0-18,Seoul,19-49,0.017610289069272565,0.0,0.017610289069272565
day_7,Wonju,0-18,Seoul,50-64,0.003217874252372637,0.0,0.003217874252372637
day_7,Wonju,0-18,Seoul,65+,0.000806516870629155,0.0,0.000806516870629155
day_7,Wonju,0-18,Wonju,0-18,1.4144712967229292,0.0,1.4144712967229292
day_7,Wonju,0-18,Wonju,19-49,0.5515495734960009,0.0,0.5515495734960009
day_7,Wonju,0-18,Wonju,50-64,0.1271169182907358,0.0,0.1271169182907358
day_7,Wonju,0-18,Wonju,65+,0.028632295734645135,0.0,0.028632295734645135
day_7,Wonju,19-49,Seoul,0-18,0.008133498709140204,0.0,0.008133498709140204
day_7,Wonju,19-49,Seoul,19-49,0.03109295358991245,0.0,0.03109295358991245
day_7,Wonju,19-49,Seoul,50-64,0.011127656220704139,0.0,0.011127656220704139
day_7,Wonju,19-49,Seoul,65+,0.005344361822573761,0.0,0.005344361822573761
day_7,Wonju,19-49,Wonju,0-18,0.37083968876409446,0.0,0.37083968876409446
day_7,Wonju,19-49,Wonju,19-49,0.9738230430964504,0.0,0.9738230430964504
day_7,Wonju,19-49,Wonju,50-64,0.4395800629970802,0.0,0.4395800629970802
day_7,Wonju,19-49,Wonju,65+,0.18973111882645272,0.0,0.18973111882645272
day_7,Wonju,50-64,Seoul,0-18,0.0017455676856608078,0.0,0.0017455676856608078
day_7,Wonju,50-64,Seoul,19-49,0.013078149447459072,0.0,0.013078149447459072
day_7,Wonju,50-64,Seoul,50-64,0.012216664087778183,0.0,0.012216664087778183
day_7,Wonju,50-64,Seoul,65+,0.007459064499740645,0.0,0.007459064499740645
day_7,Wonju,50-64,Wonju,0-18,0.07958761664763866,0.0,0.07958761664763866
day_7,Wonju,50-64,Wonju,19-49,0.4096041650133443,0.0,0.4096041650133443
day_7,Wonju,50-64,Wonju,50-64,0.4825995576074585,0.0,0.4825995576074585
day_7,Wonju,50-64,Wonju,65+,0.2648055464652132,0.0,0.2648055464652132
day_7,Wonju,65+,Seoul,0-18,0.0003677826692214702,0.0,0.0003677826692214702
day_7,Wonju,65+,Seoul,19-49,0.005239663870835887,0.0,0.005239663870835887
day_7,Wonju,65+,Seoul,50-64,0.006227700474538525,0.0,0.006227700474538525
day_7,Wonju,65+,Seoul,65+,0.016327525328760577,0.0,0.016327525328760577
day_7,Wonju,65+,Wonju,0-18,0.016768725915410586,0.0,0.016768725915410586
day_7,Wonju,65+,Wonju,19-49,0.16410487992865838,0.0,0.16410487992865838
day_7,Wonju,65+,Wonju,50-64,0.2460152356100881,0.0,0.2460152356100881
day_7,Wonju,65+,Wonju,65+,0.5796463172100721,0.0,0.5796463172100721
